Periodo detencao (anos),N.. de participacoes SCR,% Part. SCR,% Valor SCR,N.. de participacoes FCR,% Part. FCR,% Valor FCR,N.. de participacoes Total,N.. de Part. Total,% Valor Total
[0-2[,22,0.1732283465,5.7,136,0.2486288848,14.6,158,0.234421365,11.1
[2-4[,17,0.1338582677,83.8,148,0.2705667276,36.2,165,0.2448071217,55.1
[4-6[,11,0.08661417323,1.6,123,0.2248628885,32.9,134,0.1988130564,20.5
[6-8[,12,0.09448818898,4,75,0.1371115174,11,87,0.1290801187,8.3
[8-10[,15,0.1181102362,2.3,27,0.04936014625,1,42,0.06231454006,1.5
>=10,50,0.3937007874,2.7,38,0.06946983547,4.3,88,0.1305637982,3.7
Total,127,1,100.1,547,1,100,674,1,100.2